Datetime,Water Level (m)
2025-09-02 00:00:00,0.79496574
2025-09-02 01:00:00,1.1006323
2025-09-02 02:00:00,1.3725122
2025-09-02 03:00:00,1.539261
2025-09-02 04:00:00,1.5539232
2025-09-02 05:00:00,1.416858
2025-09-02 06:00:00,1.1705945
2025-09-02 07:00:00,0.8779402
2025-09-02 08:00:00,0.5664529
2025-09-02 09:00:00,0.275557
2025-09-02 10:00:00,0.05061957
2025-09-02 11:00:00,-0.040219158
2025-09-02 12:00:00,0.10384814
2025-09-02 13:00:00,0.4222016
2025-09-02 14:00:00,0.7661492
2025-09-02 15:00:00,1.0638624
2025-09-02 16:00:00,1.2699313
2025-09-02 17:00:00,1.3392338
2025-09-02 18:00:00,1.2308068
2025-09-02 19:00:00,0.9895811
2025-09-02 20:00:00,0.6920492
2025-09-02 21:00:00,0.38868773
2025-09-02 22:00:00,0.12465669
2025-09-02 23:00:00,-0.045477875
2025-09-03 00:00:00,-0.02410576
2025-09-03 01:00:00,0.27980992
2025-09-03 02:00:00,0.7028748
2025-09-03 03:00:00,1.1331929
2025-09-03 04:00:00,1.5010817
2025-09-03 05:00:00,1.738494
2025-09-03 06:00:00,1.782067
2025-09-03 07:00:00,1.6217859
2025-09-03 08:00:00,1.3142883
2025-09-03 09:00:00,0.96215916
2025-09-03 10:00:00,0.60072905
2025-09-03 11:00:00,0.26575196
2025-09-03 12:00:00,0.016329149
2025-09-03 13:00:00,-0.060965713
2025-09-03 14:00:00,0.18104865
2025-09-03 15:00:00,0.5820678
2025-09-03 16:00:00,0.9782852
2025-09-03 17:00:00,1.306901
2025-09-03 18:00:00,1.4979541
2025-09-03 19:00:00,1.4700748
2025-09-03 20:00:00,1.2188411
2025-09-03 21:00:00,0.8691346
2025-09-03 22:00:00,0.48939288
2025-09-03 23:00:00,0.12708537
2025-09-04 00:00:00,-0.14939623
2025-09-04 01:00:00,-0.21038349
2025-09-04 02:00:00,0.15512054
2025-09-04 03:00:00,0.6876685
2025-09-04 04:00:00,1.2113442
2025-09-04 05:00:00,1.6678771
2025-09-04 06:00:00,1.970629
2025-09-04 07:00:00,2.0182514
2025-09-04 08:00:00,1.7758235
2025-09-04 09:00:00,1.3706746
2025-09-04 10:00:00,0.92492646
2025-09-04 11:00:00,0.4716946
2025-09-04 12:00:00,0.06690178
2025-09-04 13:00:00,-0.25222763
2025-09-04 14:00:00,-0.3227102
2025-09-04 15:00:00,0.07486281
2025-09-04 16:00:00,0.6182446
2025-09-04 17:00:00,1.1136584
2025-09-04 18:00:00,1.5000793
2025-09-04 19:00:00,1.682953
2025-09-04 20:00:00,1.5592039
2025-09-04 21:00:00,1.2142919
2025-09-04 22:00:00,0.79611236
2025-09-04 23:00:00,0.35533527
2025-09-05 00:00:00,-0.04478696
2025-09-05 01:00:00,-0.37595183
2025-09-05 02:00:00,-0.42710617
2025-09-05 03:00:00,0.05236785
2025-09-05 04:00:00,0.69827896
2025-09-05 05:00:00,1.3084906
2025-09-05 06:00:00,1.811595
2025-09-05 07:00:00,2.099888
2025-09-05 08:00:00,2.0376976
2025-09-05 09:00:00,1.6836929
2025-09-05 10:00:00,1.2234323
2025-09-05 11:00:00,0.7362234
2025-09-05 12:00:00,0.26019207
2025-09-05 13:00:00,-0.16544762
2025-09-05 14:00:00,-0.48164222
2025-09-05 15:00:00,-0.37002504
2025-09-05 16:00:00,0.19982646
2025-09-05 17:00:00,0.8336207
2025-09-05 18:00:00,1.3830718
2025-09-05 19:00:00,1.7645551
2025-09-05 20:00:00,1.8627783
2025-09-05 21:00:00,1.5979636
2025-09-05 22:00:00,1.1749433
2025-09-05 23:00:00,0.70133656
2025-09-06 00:00:00,0.22894596
2025-09-06 01:00:00,-0.20188035
2025-09-06 02:00:00,-0.5346223
2025-09-06 03:00:00,-0.40461433
2025-09-06 04:00:00,0.22494066
2025-09-06 05:00:00,0.94633
2025-09-06 06:00:00,1.5912701
2025-09-06 07:00:00,2.0614092
2025-09-06 08:00:00,2.2408447
2025-09-06 09:00:00,2.017641
2025-09-06 10:00:00,1.5770776
2025-09-06 11:00:00,1.074436
2025-09-06 12:00:00,0.5601608
2025-09-06 13:00:00,0.07130879
2025-09-06 14:00:00,-0.36005044
2025-09-06 15:00:00,-0.5906372
2025-09-06 16:00:00,-0.16539027
2025-09-06 17:00:00,0.5365143
2025-09-06 18:00:00,1.2132529
2025-09-06 19:00:00,1.761137
2025-09-06 20:00:00,2.0640557
2025-09-06 21:00:00,1.980501
2025-09-06 22:00:00,1.5844723
2025-09-06 23:00:00,1.1032467
2025-09-07 00:00:00,0.59480757
2025-09-07 01:00:00,0.10177333
2025-09-07 02:00:00,-0.3393872
2025-09-07 03:00:00,-0.6069705
2025-09-07 04:00:00,-0.19495416
2025-09-07 05:00:00,0.5510993
2025-09-07 06:00:00,1.2983589
2025-09-07 07:00:00,1.9307966
2025-09-07 08:00:00,2.3191576
2025-09-07 09:00:00,2.3212175
2025-09-07 10:00:00,1.9518831
2025-09-07 11:00:00,1.4532924
2025-09-07 12:00:00,0.9189253
2025-09-07 13:00:00,0.3901619
2025-09-07 14:00:00,-0.096832044
2025-09-07 15:00:00,-0.50990045
2025-09-07 16:00:00,-0.4721838
2025-09-07 17:00:00,0.18024394
2025-09-07 18:00:00,0.9602133
2025-09-07 19:00:00,1.6379437
2025-09-07 20:00:00,2.1143806
2025-09-07 21:00:00,2.2686822
2025-09-07 22:00:00,1.9828024
2025-09-07 23:00:00,1.513326
2025-09-08 00:00:00,0.9899677
